cell,batch,policy,newstructure,life_raw,life,carryover,exclude,n_cycles_struct,C1,Q1,C2,avg_crate,dq_min,dq_mean,dq_var,dq_skew,dq_skew_signed,dq_kurt,dq_2v,qd_c2,qd_max_minus_c2,qd_c100,qd_c100_minus_c2,fade_slope_2_100,fade_int_2_100,fade_slope_91_100,fade_int_91_100,chargetime_avg_2_6,tmax_max,tmin_min,tavg_mean,ir_c2,ir_min,ir_c100_minus_c2,log_life
b1c0,b1,3.6C(80%)-3.6C,False,1190.0,1852.0,True,,1189,3.6,80.0,3.6,3.6,-2.0726479673332374,-2.5416016114732507,-5.014861042960788,-0.27404063707810705,-0.5320584720505735,0.1297903648772174,0.0007679306774941441,1.0706892,0.00639320000000021,1.0759126,0.005223400000000211,1.691964207901468e-05,1.075048798600489,3.5323636363618885e-05,1.0724246927272743,13.374893999999992,35.994705,29.012251,31.603747328822767,0.016742354,0.016443744,-7.520000000000096e-05,3.2676409823459154
b1c1,b1,3.6C(80%)-3.6C,False,1179.0,2160.0,True,,1178,3.6,80.0,3.6,3.6,-1.9584566567173611,-2.3872569666191845,-5.013959617162855,-0.3671633435127306,-0.4293749031928047,0.012464331180694635,-0.001194151876612759,1.0753012,0.009288300000000138,1.0806297,0.005328500000000069,5.535292516999699e-06,1.0809645798796126,-4.12999999999923e-05,1.084766999999999,13.409150000000002,34.712265,29.230637,31.33031430692745,0.017038831,0.016764179,-4.199100000000164e-05,3.3344537511509307
b1c2,b1,3.6C(80%)-3.6C,False,1177.0,2237.0,True,,1176,3.6,80.0,3.6,3.6,-1.7640578612436268,-2.3480696498547133,-4.7369997419805365,0.033501872813719434,-1.0801942790076273,-0.4576267497842628,-0.0008093136697813197,1.0799223,0.008131200000000005,1.0849404,0.005018100000000025,1.0295625231906745e-05,1.0848461200828692,-4.419696969697502e-05,1.089364320606061,13.358242333333328,35.127342,29.269444,31.47958411321121,0.01686798,0.016613184,-1.3807000000001096e-05,3.34966598409663
b1c3,b1,4C(80%)-4C,False,1226.0,1434.0,True,,1225,4.0,80.0,4.0,4.0,-1.7221493032207573,-2.1275066415532153,-4.442613359277012,-0.357485560584585,-0.43905046294046807,0.03957902016868709,-0.0017590182433318002,1.0797229,0.006530099999999983,1.0847498,0.005026900000000056,1.7136347557209165e-05,1.084075015971552,-3.68424242423645e-06,1.0851310951515143,12.025139666666673,31.691414,29.023619,29.942198807956427,0.016369704,0.016098134,3.858100000000281e-05,3.1565491513317814
b1c4,b1,4C(80%)-4C,False,1227.0,1709.0,True,,1226,4.0,80.0,4.0,4.0,-1.8551769586673086,-2.2403315418634135,-4.647743660307859,-0.44063433451277717,-0.36254812672859005,0.12510066877814913,-0.0009167735272217481,1.0784167,0.005899899999999958,1.0826457,0.004229000000000038,1.8994317872609844e-05,1.0818748211016278,-2.9326666666653373e-05,1.085538346666665,12.041850666666674,35.651741,29.092649,31.44888383416564,0.016787428,0.016368635,-5.331399999999875e-05,3.232742062720737
b1c5,b1,4.4C(80%)-4.4C,False,1074.0,1074.0,False,,1073,4.4,80.0,4.4,4.4,-1.5989653349280424,-1.9556988935537072,-4.178877963304522,-0.8257943420525352,-0.1493501482196471,0.0890308836301132,-0.003880525468443974,1.0761266,0.005943800000000055,1.0797794,0.0036528000000000116,1.1228400742114224e-05,1.0797547949964952,-2.3223030303065522e-05,1.0820849993939428,10.967849666666668,34.654667,28.914812,30.92149771366389,0.016437579,0.015922785,-0.0001118670000000016,3.0310042813635367
b1c6,b1,4.8C(80%)-4.8C,False,636.0,636.0,False,,635,4.8,80.0,4.8,4.8,-1.4215207944138115,-1.7968295470103903,-3.7688779002277237,-0.38940812697492216,-0.40793584962018636,0.0927452333550496,-0.004688861494140495,1.0758358,0.006303200000000064,1.0792426,0.003406800000000043,-4.808646876938924e-06,1.081157025839208,-6.22254545454556e-05,1.0854849109090907,10.07647899999999,36.496124,29.495056,32.27384521945563,0.017001977,0.016541764,-0.0003333460000000017,2.803457115648414
b1c7,b1,4.8C(80%)-4.8C,False,870.0,870.0,False,,869,4.8,80.0,4.8,4.8,-1.4175572328154407,-1.7786972259287557,-3.8134860773269867,-0.4770127555092471,-0.3334166199580946,0.04942577672560296,-0.0073198034361492414,1.0938644,0.004104200000000002,1.0957625,0.0018981000000000137,-6.42818800247794e-06,1.0972542699113585,-4.0566060606084656e-05,1.099840618787881,10.02508166666667,36.053928,29.368095,31.990084509217034,0.016311171,0.016083084,-3.842100000000029e-05,2.9395192526186187
b1c9,b1,5.4C(40%)-3.6C,False,1054.0,1054.0,False,,1053,5.4,40.0,3.6,4.32,-1.5417478896827503,-1.9389020163552184,-4.059383677769545,-0.3689714157359826,-0.4275910282835675,0.07268024879897933,-0.0032513178017785638,1.0829742,0.005975700000000028,1.0876312,0.004656999999999911,1.8204385899806905e-05,1.086771424803958,-1.3036969696970692e-05,1.0889463206060606,11.207955999999994,36.799232,29.999718,32.64153361126789,0.016978227,0.016611163,-3.366599999999817e-05,3.022840610876528
b1c11,b1,5.4C(50%)-3C,False,788.0,788.0,False,,787,5.4,50.0,3.0,4.153846153846154,-1.6254072026301174,-2.0768490121048195,-4.146896530502188,-0.22559407709865514,-0.5948478865400659,0.08118719666612248,0.0005818342431713752,1.0537786,0.009460400000000035,1.0599719,0.006193300000000068,2.1809402597400947e-05,1.0589716063261179,-1.1643030303047259e-05,1.0611175193939408,11.668875999999987,37.128967,29.87781,32.75932260623101,0.016575078,0.015962802,-0.0003035779999999988,2.8965262174895554
b1c14,b1,5.4C(60%)-3C,False,880.0,880.0,False,,879,5.4,60.0,3.0,4.499999999999999,-1.548306330889822,-1.9227695561901268,-4.046069839990279,-0.5490543657829832,-0.28245263733712345,0.11835968460668723,-0.0025379028630776457,1.0709661,0.006877699999999987,1.0762016,0.005235500000000171,2.6234124922698223e-05,1.074764976800659,-1.9479999999989825e-05,1.0781431199999991,10.764334,37.818813,29.769632,33.07746279993842,0.017121186,0.016649306,-6.811500000000054e-05,2.9444826721501687
b1c15,b1,5.4C(60%)-3C,False,719.0,719.0,False,,718,5.4,60.0,3.0,4.499999999999999,-1.538433127534962,-1.9580908387510947,-4.017949103167607,-0.31695426763956036,-0.4819985506782299,0.09706840967712062,-0.0009448339527269312,1.0611236,0.008215100000000142,1.0677497,0.006626100000000079,2.904936054421284e-05,1.0661753684708304,-2.4367272727269634e-05,1.0701701345454542,10.797705666666673,38.47617,29.44138,33.147720104395674,0.017168047,0.016542939,-0.0002532960000000001,2.8567288903828825
b1c16,b1,5.4C(60%)-3.6C,False,862.0,862.0,False,,861,5.4,60.0,3.6,4.8,-1.5589858999371669,-1.9064450291690773,-4.099413675443745,-0.9102720683952006,-0.12294982972227239,0.0892331662589661,-0.004475491111722851,1.0811664,0.007425499999999863,1.0863206,0.005154199999999998,2.3160274582555584e-05,1.0852883825619455,-3.059757575757343e-05,1.089363988484848,10.11310766666668,37.566532,29.542667,32.41716254671688,0.01683085,0.016328048,-1.4819000000002719e-05,2.9355072658247128
b1c17,b1,5.4C(60%)-3.6C,False,857.0,857.0,False,,856,5.4,60.0,3.6,4.8,-1.5076871632965057,-1.8747427462631594,-3.970159451162403,-0.5917804840344958,-0.25598794617561316,0.11082608331863986,-0.003769687040458658,1.072052,0.007173799999999897,1.0769763,0.004924300000000104,1.7886231292523448e-05,1.0761940385677173,-1.2675757575756338e-05,1.0782664048484842,10.146880666666664,37.208405,29.182228,32.088753858534446,0.016778639,0.016238289,2.2162999999998656e-05,2.932980821923198
b1c18,b1,5.4C(70%)-3C,False,691.0,691.0,False,,690,5.4,70.0,3.0,4.909090909090909,-1.3552344300601988,-1.6839795813178122,-3.650080545153841,-1.2833382697652949,-0.05207889132502616,0.12921548092591198,-0.008717841863585152,1.0661705,0.003975300000000015,1.0645274,-0.0016430999999998974,-4.754075940036315e-05,1.0705300210595552,-0.00010586606060607885,1.0749758587878806,9.958173666666676,36.084282,29.688587,31.831057275618022,0.019886132,0.015845969,-0.003994543,2.8394780473741985
b1c19,b1,5.4C(70%)-3C,False,788.0,788.0,False,,787,5.4,70.0,3.0,4.909090909090909,-1.3382564529624872,-1.6966683856046991,-3.6199068274368353,-0.5631639028212464,-0.2734236630130664,0.10565144504834903,-0.007128244580230314,1.0851147,0.004190699999999881,1.0870851,0.0019703999999998167,-1.0355845392700724e-05,1.0888966198321992,-3.325272727273107e-05,1.0903139454545456,9.924738333333329,37.49086,29.91865,33.044085397077396,0.016449727,0.016205151,-6.60869999999994e-05,2.8965262174895554
b1c20,b1,5.4C(80%)-5.4C,False,534.0,534.0,False,,533,5.4,80.0,5.4,5.4,-1.1966765604379692,-1.4841793472842268,-3.367237410245857,-0.6167722877860201,0.24167276572580954,0.030486791891220395,-0.021207678239683947,1.07263,0.003094200000000047,1.0612478,-0.011382199999999898,-0.00013977618181817777,1.0769696711313128,-0.0002331127272727084,1.0845877254545435,9.021115000000016,35.504932,29.662241,32.15292201754506,0.015740737,0.015036267,-0.000580528000000002,2.727541257028556
b1c21,b1,5.4C(80%)-5.4C,False,559.0,559.0,False,,558,5.4,80.0,5.4,5.4,-1.1889597281466224,-1.5134621706870839,-3.3503380515995875,-1.044954054796925,-0.09016665223320511,0.058077511408505166,-0.016681425655579618,1.0824388,0.0034874000000000294,1.0767291,-0.005709699999999929,-8.178444155844591e-05,1.0863975044992782,-0.0001590527272727351,1.092649285454546,8.964706333333336,37.615559,29.948643,33.13697371135653,0.015348774,0.014894895,-0.0002038070000000003,2.747411807886423
b1c23,b1,6C(30%)-3.6C,False,1014.0,1014.0,False,,1013,6.0,30.0,3.6,4.235294117647059,-1.523552178470511,-1.8748239696078786,-4.0407936433278895,-0.844134617114815,-0.14317440365637843,0.0901189770937402,-0.005262941158213463,1.0792934,0.004492999999999858,1.0816909,0.0023974999999998303,-6.950910327772603e-06,1.0828155540024733,-2.0429696969718135e-05,1.083739446060608,11.447006333333357,36.165897,29.545927,31.99077454717494,0.016937815,0.016472535,-9.143999999999125e-06,3.0060379549973173
b1c24,b1,6C(40%)-3C,False,1017.0,1017.0,False,,1016,6.0,40.0,3.0,4.0,-1.4969978330235068,-1.8578137419551943,-3.938662523656534,-0.4699757105231049,-0.33886310774417266,0.10523357527501659,-0.004206889755083543,1.0745355,0.004539499999999919,1.0776314,0.0030958999999999293,2.024258503403737e-06,1.077929949685013,-7.403393939396665e-05,1.0845231212121238,12.147216,37.596226,30.30908,33.378063951824195,0.016687831,0.016390581,-4.86200000000131e-06,3.0073209529227447
b1c25,b1,6C(40%)-3C,False,854.0,854.0,False,,853,6.0,40.0,3.0,4.0,-1.5310448923727904,-1.906361465057932,-4.027888820540259,-0.4461961051933633,-0.35793477555398945,0.09390973747488542,-0.0036279930043812136,1.0752345,0.004678599999999866,1.0780438,0.0028093000000000146,5.12931354361571e-07,1.0788217283797148,-3.221030303032952e-05,1.0812880539393965,12.130126666666674,38.670872,30.400667,33.848557073949294,0.016699277,0.016397864,-1.1263999999996943e-05,2.931457870689005
b1c26,b1,6C(40%)-3.6C,False,870.0,870.0,False,,869,6.0,40.0,3.6,4.5,-1.4161841994934083,-1.748357956667111,-3.7952199967853435,-0.9315611922725396,-0.11706816411704128,0.10607863632421068,-0.007151987312159047,1.0876514,0.003894800000000087,1.0893713,0.0017199000000001075,-1.521046134818085e-05,1.0913500214075447,-9.834424242425186e-05,1.0986254751515159,10.764819666666668,37.077717,30.189548,33.15641406115227,0.016376387,0.016129743,1.2887999999999095e-05,2.9395192526186187
b1c27,b1,6C(40%)-3.6C,False,842.0,842.0,False,,841,6.0,40.0,3.6,4.5,-1.4457275004165389,-1.8092709739934298,-3.8537032000559392,-0.5383236465347431,-0.2895185222964574,0.09230831522798551,-0.005440517874463424,1.0790461,0.003953399999999885,1.0810226,0.0019765000000000477,-1.0758799010519626e-05,1.0825847381434752,-1.3313333333359012e-05,1.0822964333333358,10.796985333333323,38.178074,30.495707,33.89497000372245,0.016174601,0.015953196,3.187999999999802e-05,2.9253120914996495
b1c28,b1,6C(50%)-3C,False,860.0,860.0,False,,859,6.0,50.0,3.0,4.363636363636363,-1.4292997115162875,-1.7773323505829581,-3.844711807496199,-0.8457799517808159,-0.14263301031252343,0.09288982765149863,-0.006957486714214145,1.0777475,0.003846999999999934,1.0796947,0.0019471999999998157,-7.726680272115018e-06,1.0810896899868068,-3.480545454546354e-05,1.0831756309090914,11.129907333333346,38.303513,30.421293,33.773800525042,0.016742077,0.016467512,6.377100000000066e-05,2.934498451243568
b1c29,b1,6C(50%)-3C,False,917.0,917.0,False,,916,6.0,50.0,3.0,4.363636363636363,-1.4333451217343054,-1.7798782181139183,-3.8382817049630766,-0.8612870070222239,-0.13762996295439459,0.10670704440689673,-0.0065265997775638684,1.0794537,0.004349200000000053,1.0818107,0.0023569999999999425,-5.212719851575346e-06,1.0830486699245512,-3.726424242423985e-05,1.0855591551515145,11.179535333333334,36.258759,30.240517,32.70415601771739,0.016626336,0.016308507,1.7818000000002776e-05,2.962369335670021
b1c30,b1,6C(50%)-3.6C,False,709.0,709.0,False,,708,6.0,50.0,3.6,4.8,-1.3891761023084515,-1.7515577975481582,-3.744699217898308,-0.5448635389429908,-0.28519142358197425,0.08884160447264221,-0.006137661525569271,1.0798637,0.003954500000000083,1.0814074,0.0015437000000000367,-1.6368218923929572e-05,1.083658496336837,-3.745818181818704e-05,1.085152836363637,10.130179666666669,37.483994,30.457619,33.54008830692456,0.016072329,0.015838005,5.842799999999926e-05,2.8506462351830666
b1c31,b1,6C(50%)-3.6C,False,876.0,876.0,False,,875,6.0,50.0,3.6,4.8,-1.4036425857817216,-1.745123636189018,-3.777732624088043,-0.9557232155062224,-0.11073292820710413,0.09416449332478788,-0.007872560304815757,1.0946392,0.003694199999999981,1.0953494,0.0007101999999998831,-2.62010822510796e-05,1.09840466024531,-4.0801212121225585e-05,1.0994466157575769,10.11367266666668,31.658901,29.649641,30.375396745150564,0.016952254,0.016684072,1.0658000000000195e-05,2.9425041061680806
b1c32,b1,6C(60%)-3C,False,731.0,731.0,False,,730,6.0,60.0,3.0,4.8,-1.3413563753175848,-1.6833949610457555,-3.6464634970703615,-0.8078340470945177,-0.15565603118726665,0.10702220542329091,-0.008212425903406428,1.0778366,0.003820099999999993,1.0793804,0.001543800000000095,-1.2776272108848686e-05,1.0813230393725,-3.83545454545678e-05,1.0832270690909114,10.096438,37.14436,30.193592,33.08050304573434,0.016239462,0.015933495,5.134400000000178e-05,2.8639173769578603
b1c33,b1,6C(60%)-3C,False,757.0,757.0,False,,756,6.0,60.0,3.0,4.8,-1.3477364305988748,-1.6645106205937217,-3.6670575975866413,-1.1882098620646542,0.0648321072722398,0.09087247768630032,-0.01051554186767234,1.0924908,0.004335399999999989,1.0937657,0.0012749000000000787,-2.1812165739027016e-05,1.0966040669173367,-4.613878787879358e-05,1.0983755642424244,10.146428666666663,38.728722,30.119719,33.67169761442224,0.016591828,0.016214989,-1.720699999999825e-05,2.8790958795000727
b1c34,b1,7C(30%)-3.6C,False,742.0,742.0,False,,741,7.0,30.0,3.6,4.401746724890829,-1.429245314396692,-1.7937042480714813,-3.848616157008837,-0.821307408236174,-0.15090116468663067,0.07184525098601341,-0.005515265812322756,1.0766174,0.004865000000000119,1.0794187,0.0028013000000000066,-3.129647495333547e-07,1.0800859500911144,-3.0090909090922758e-05,1.082449981818183,11.06793699999998,37.240925,29.709148,32.66455167507311,0.0169825,0.016567618,-2.8376000000000096e-05,2.870403905279027
b1c35,b1,7C(30%)-3.6C,False,703.0,703.0,False,,702,7.0,30.0,3.6,4.401746724890829,-1.4072456671301197,-1.7393719825298462,-3.7726058155960294,-1.0246266951892982,-0.09448727078656764,0.11391803809962447,-0.00718795171106712,1.0707464,0.00507919999999995,1.0739936,0.0032472000000001167,3.195320964752807e-06,1.0743447123681709,-2.6306666666668015e-05,1.0766147066666667,11.05119499999999,36.075569,29.54327,32.09733437854189,0.017059039,0.016647711,3.243499999999733e-05,2.846955325019824
b1c36,b1,7C(40%)-3C,False,704.0,704.0,False,,703,7.0,40.0,3.0,4.2,-1.350456749794432,-1.6769057422922822,-3.6695013425959444,-1.617615702399628,-0.024120388445710256,0.1098246649296434,-0.009246866634258222,1.0778315,0.004527799999999971,1.0802411,0.0024096000000000117,-7.183043908475764e-06,1.0816428948352914,-4.102181818180282e-05,1.084323083636362,11.524843333333349,34.868446,30.028351,32.04688205693082,0.016480684,0.016229769,8.785199999999938e-05,2.847572659142112
b1c37,b1,7C(40%)-3C,False,648.0,648.0,False,,647,7.0,40.0,3.0,4.2,-1.351203133303817,-1.711374683657366,-3.673938893314921,-0.6262131671958386,-0.23647587048054397,0.10166914570394679,-0.006756777279800286,1.0748194,0.004472400000000043,1.0768065,0.0019871000000000194,-9.680958565245865e-06,1.0785237713110696,-4.3787878787887924e-05,1.0811773424242432,11.57439200000002,36.993626,29.988958,32.95969887229894,0.016607935,0.016318144,6.718000000000002e-05,2.8115750058705933
b1c38,b1,7C(40%)-3.6C,False,617.0,617.0,False,,616,7.0,40.0,3.6,4.754716981132075,-1.2486008121232726,-1.5724458334798015,-3.4330481735466756,-1.195108382087062,-0.06381042216810003,0.12980197215801967,-0.01211406041493035,1.0729513,0.003646500000000108,1.0749754,0.002024100000000084,-9.43712430427038e-06,1.0762827994001234,-7.16060606062806e-06,1.07566448787879,10.243066666666685,37.995705,30.288816,33.69474656343401,0.016260354,0.016066672,8.89640000000004e-05,2.7902851640332416
b1c39,b1,7C(40%)-3.6C,False,625.0,625.0,False,,624,7.0,40.0,3.6,4.754716981132075,-1.274546135729866,-1.6118980612133418,-3.5045337204530713,-0.8167235117864322,-0.152502333206465,0.10625547463390071,-0.009724308754854638,1.0817773,0.004689399999999955,1.0847629,0.0029856000000001437,-3.294477427340171e-06,1.0858270173386928,-2.5559393939409695e-05,1.0873593521212135,10.258443000000007,38.024876,30.181021,33.50643317156701,0.016743599,0.016519627,9.157099999999863e-05,2.7958800173440754
b1c40,b1,8C(15%)-3.6C,False,966.0,966.0,False,,965,8.0,15.0,3.6,4.013937282229966,-1.5361710582591273,-1.898637644662452,-4.0552127051547355,-0.6046654558426963,-0.24850466403431104,0.09394466676810058,-0.00516481256458623,1.0833029,0.004503299999999877,1.0857353,0.0024324000000000012,-8.20486332715938e-06,1.0873484258074624,-4.214606060608749e-05,1.0899522787878815,12.071222666666685,38.388569,30.003733,33.45968416375564,0.016756468,0.016480761,6.656899999999896e-05,2.9849771264154934
b1c41,b1,8C(15%)-3.6C,False,1051.0,1051.0,False,,1050,8.0,15.0,3.6,4.013937282229966,-1.5450592803081846,-1.908031828701738,-4.071513969179501,-0.6357186446910515,-0.23135631340210783,0.09445340220309593,-0.004392037514383773,1.0789614,0.0049074999999998425,1.0821686,0.0032071999999998546,-1.3855287570256206e-07,1.0828938530653474,-3.1887272727307936e-05,1.0853619745454581,12.087368000000005,37.576675,30.021296,33.07332253245542,0.016856873,0.016552322,-9.889999999998511e-07,3.021602716028242
b1c42,b1,8C(25%)-3.6C,False,702.0,702.0,False,,701,8.0,25.0,3.6,4.347169811320755,-1.3495987713904598,-1.6861494296026898,-3.6658557852690015,-0.9678081520562437,-0.10769408431100083,0.11933570495759903,-0.00820783249791357,1.0798725,0.004959500000000006,1.0832821,0.0034095999999999016,2.113598021033933e-06,1.0837813903393108,-3.262545454547221e-05,1.0865070709090925,11.171093666666682,38.397423,30.125891,33.58506724391689,0.0167679,0.016511114,0.00010331400000000018,2.846337112129805
b1c43,b1,8C(25%)-3.6C,False,651.0,651.0,False,,650,8.0,25.0,3.6,4.347169811320755,-1.3506077894518453,-1.7174769733320125,-3.667779071634814,-0.6247873062859551,-0.23725353594012447,0.11481531762273132,-0.006383537337831369,1.0682389,0.003432099999999938,1.0688359,0.0005969999999999587,-2.401481014224145e-05,1.0717469502667487,-3.969454545455702e-05,1.0728037690909102,11.170874333333334,37.725166,30.034327,33.339782658681436,0.016111452,0.015904058,0.00012785400000000016,2.813580988568192
b1c44,b1,8C(35%)-3.6C,False,616.0,616.0,False,,615,8.0,35.0,3.6,4.7407407407407405,-1.2306443031102845,-1.5327013687973048,-3.42070000480644,-0.8567357884972235,0.13907984932279427,0.11034879575565992,-0.015959880874377497,1.0847682,0.0035623999999998546,1.0847102,-5.8000000000113516e-05,-3.3615460729745583e-05,1.0885564602143882,-5.139272727271184e-05,1.0898540654545439,10.271104333333334,36.804283,29.747217,32.55333216968653,0.017436398,0.017142953,0.00015277100000000293,2.7895807121644256
b1c45,b1,8C(35%)-3.6C,False,599.0,599.0,False,,598,8.0,35.0,3.6,4.7407407407407405,-1.2261878935345303,-1.5396120308081556,-3.425292235698853,-0.9385559436201548,0.11519776583282074,0.10734308804132892,-0.015948906425883314,1.0839558,0.004482499999999945,1.0858277,0.0018719000000000374,-1.2920053184917479e-05,1.0878183732174806,-3.896969696969784e-05,1.089747546060606,10.254465333333325,37.855122,29.696999,33.0005473910965,0.016685704,0.016382927,0.00015038399999999993,2.7774268223893115
b2c0,b2,5.2C(58%)-4C,False,477.0,477.0,False,,496,5.2,58.0,4.0,4.803695150115473,-1.2591537148635152,-1.5883634583250168,-3.4872647963011447,-1.5026245127000664,-0.031432251250035875,0.094320629032824,-0.012335648905909657,1.1020051,0.008113500000000107,1.1052729,0.003267799999999932,1.3737568336431474e-05,1.1043879547219122,-0.00013864606060607848,1.1180734987878804,10.173733999999968,36.404427,28.851412,31.808470926230026,0.017402707,0.017083954,6.96420000000017e-05,2.678518379040114
b2c1,b2,5.6C(26%)-4.5C,False,491.0,491.0,False,,513,5.6,26.0,4.5,4.8068669527897,-1.179701833116379,-1.4486109095152395,-3.2980513654760366,-0.49826068394565814,0.31749677338171994,0.06412230573454386,-0.023612685077918805,1.1057826,0.003575800000000129,1.1015422,-0.004240400000000033,-3.290422139764397e-05,1.106601674887239,-0.00035796787878790534,1.139475502424245,10.192646000000046,37.4468,29.748539199568196,33.60099815475848,0.01817438,0.017313389,-0.0006942100000000007,2.6910814921229687
b2c2,b2,5.2C(50%)-4.25C,False,424.0,424.0,False,,439,5.2,50.0,4.25,4.797829036635006,-1.2780425690871609,-1.6018275076276434,-3.4602483651128177,-0.8089579674334265,-0.15525372627721698,0.147291383590184,-0.009258740617011263,1.0753863,0.00516020000000017,1.0728362,-0.0025500999999998886,-5.396060358691645e-06,1.0749382457449592,-9.643696969698994e-05,1.0837017406060623,10.175071333333326,38.33985803206289,30.291048,33.17566129490617,0.016669566,0.016255558,-9.869800000000123e-05,2.6273658565927325
b2c3,b2,4.65C(44%)-5C,False,499.0,499.0,False,,517,4.65,44.0,5.0,4.80123902942695,-1.2528333571271697,-1.6970225942577863,-3.496242996974693,-0.16334476030886155,-0.6865232340714085,-0.08976975353079357,-0.003983834008399745,1.0959566,0.012060699999999924,1.1003293,0.004372700000000007,7.592857884971752e-05,1.0976128990443204,-0.00032400666666668583,1.1323827666666684,10.173250333333367,39.422000644443116,30.19519,33.93805810095692,0.016083341,0.015764765,-3.5558000000001505e-05,2.6981005456233897
b2c4,b2,4.65C(69%)-6C,False,444.0,444.0,False,,464,4.65,69.0,6.0,4.798452112221864,-1.1530619303379335,-1.4586479903803162,-3.232506812226559,-1.9772670628467504,-0.010537387163738159,0.11472846002741761,-0.01898099761084282,1.0899745,0.0008767999999998999,1.0813601,-0.008614400000000133,-6.742782807669012e-05,1.089364272767264,5.941272727274018e-05,1.076176574545453,10.222283666666627,38.209395652763355,29.809912,33.04820861652687,0.017068394,0.01593901,-0.0009035920000000017,2.6473829701146196
b2c5,b2,3.6C(30%)-6C,False,416.0,416.0,False,,445,3.6,30.0,6.0,4.800000000000001,-1.064744574647862,-1.3326833846685622,-3.085881724279185,-0.4410820527092591,0.3621745651001111,0.0160141705235191,-0.03473197527164462,1.0989141,0.00013759999999995998,1.0760076,-0.02290649999999994,-0.00019484917996289103,1.0978748233296218,-0.00025926484848486076,1.1039321830303042,10.178295333333276,38.388368590154755,30.103149270492455,33.01307013030371,0.016014345,0.015142022,-0.0007167039999999986,2.6190933306267428
b2c6,b2,3.6C(9%)-5C,False,393.0,393.0,False,,409,3.6,9.0,5.0,4.790419161676646,-1.3021390444128946,-1.6814193180700996,-3.53003968650195,-0.3758074890185249,-0.4209131664445041,0.0846731421948209,-0.005146168144642749,1.0885617,0.01149509999999987,1.090597,0.002035299999999962,6.24381335807018e-05,1.0897912289247575,-0.00018514727272728697,1.109164194545456,10.179130999999906,40.4669448483313,30.021366,33.81904518975318,0.016595399,0.015897563,-0.0005260630000000002,2.5943925503754266
b2c7,b2,4.8C(80%)-4.8C-newstructure,True,777.0,777.0,False,,806,4.8,80.0,4.8,4.8,-1.6627808166712075,-2.0543788066377497,-4.231670089905405,-0.4277615506749432,-0.3734551470125933,0.12275235237854887,-0.0006375545040795405,1.0904776,0.015110199999999852,1.09727,0.006792399999999921,5.346993939393214e-05,1.0903080704646466,7.01042424242337e-05,1.0890058448484856,10.037040333333376,37.918381,29.833401,33.769687089746824,0.014809063,0.014716571,1.3403999999999847e-05,2.890421018800914
b2c8,b2,5.2C(58%)-4C-newstructure,True,904.0,904.0,False,,947,5.2,58.0,4.0,4.803695150115473,-1.5553134390398822,-1.95064955398815,-4.10242248030074,-0.351224917444628,-0.445425506544742,-0.02180535318108043,-0.004421422281843057,1.0906329,0.003211000000000075,1.0909338,0.00030090000000004835,-4.8129210760671786e-05,1.0926136860114202,5.03521212121166e-05,1.0854754624242429,10.04007933333327,36.451335340457405,30.369265,33.59868374090274,0.016484642,0.016342103,3.0228999999999673e-05,2.9561684304753633
b2c9,b2,5.6C(26%)-4.5C-newstructure,True,791.0,791.0,False,,819,5.6,26.0,4.5,4.8068669527897,-1.7043416016868917,-2.1280209594315034,-4.344425682662564,-1.282416290004728,-0.05218956896191872,-0.1168604051322651,-0.004558039402478231,1.0949715,0.004990999999999968,1.0975486,0.00257710000000011,-3.178960420532104e-05,1.0991237122387132,0.00023090060606056887,1.0750085121212158,10.040580999999946,35.00847845562602,30.423269501409568,32.3508526526095,0.015408114,0.015197206,-5.300199999999991e-05,2.8981764834976764
b2c10,b2,4.8C(80%)-4.8C,False,492.0,492.0,False,,519,4.8,80.0,4.8,4.8,-1.2533467340698548,-1.5298792877493281,-3.4509001132975605,-0.5797053404483621,0.26320531782167483,0.09475166057899823,-0.017084299176737927,1.1092782,0.0077312999999998855,1.1162933,0.00701509999999983,5.4494455906002766e-05,1.10839917931445,0.00018856727272725804,1.0979567854545464,10.17126966666663,35.078796,28.906555794473437,31.720791269063756,0.017335583,0.016884135,-0.00030304700000000073,2.69196510276736
b2c11,b2,5.2C(50%)-4.25C,False,449.0,449.0,False,,468,5.2,50.0,4.25,4.797829036635006,-1.2604374969231171,-1.6195602082172011,-3.485393220979881,-0.6534922366806312,-0.22207913813040978,0.09347664298105968,-0.008811878744787283,1.0959171,0.013548699999999858,1.1086942,0.012777099999999875,0.00011636928385899045,1.0951311402605648,9.152303030301393e-05,1.0994188806060623,10.17367599999993,39.423817,29.651962,33.146477466034135,0.017361749,0.016784718,1.5793000000000057e-05,2.6522463410033232
b2c12,b2,4.65C(44%)-5C,False,466.0,466.0,False,,493,4.65,44.0,5.0,4.80123902942695,-1.1116450065224746,-1.4045303186533276,-3.1679683681509765,-0.928548514812971,0.11788308293031868,0.09369265961926389,-0.023577179716696595,1.1016457,0.006732100000000019,1.1065857,0.0049399999999999444,3.124443661100505e-05,1.1025508418136463,3.5369696969600068e-06,1.1069356393939402,10.174669333333393,35.747711,29.339239609224805,31.314676947956993,0.017251369,0.016159201,-0.0010207299999999975,2.66838591669
b2c13,b2,4.65C(69%)-6C,False,460.0,460.0,False,,483,4.65,69.0,6.0,4.798452112221864,-1.1892669979927646,-1.4676275844325557,-3.3444477218838284,-0.4752375553936643,0.3347822660087096,0.03981223261904026,-0.023000532051923317,1.0954365,0.0021364000000001493,1.0951428,-0.0002936999999998413,-1.1445944341368896e-05,1.0955198512422175,-5.628484848472985e-06,1.096293470303029,10.207829000000007,36.19238897679291,29.518279358797542,31.946988973926523,0.016970724,0.015610993,-0.0010935590000000009,2.662757831681574
b2c14,b2,3.6C(30%)-6C,False,426.0,426.0,False,,461,3.6,30.0,6.0,4.800000000000001,-1.0771996484774,-1.3510961000875592,-3.118519966248836,-0.5393604224208053,0.2888281892798498,0.036850007390633224,-0.03116248655665599,1.0844886,0.0004899999999998794,1.0776343,-0.006854300000000091,-0.00010165705627706068,1.084441152294372,0.0001837830303029747,1.059524500606066,10.207831333333306,36.56760277779107,29.961967688101996,32.123877001585356,0.017186515,0.015952863,-0.000878801999999998,2.629409599102719
b2c15,b2,3.6C(9%)-5C,False,396.0,396.0,False,,414,3.6,9.0,5.0,4.790419161676646,-1.292986448721867,-1.6173475081476094,-3.516251926776714,-1.1434098840893714,-0.0718770287420776,0.14404276912840816,-0.010081866912772908,1.0697494,0.009623699999999902,1.0770745,0.007325099999999862,9.20414260977118e-05,1.070349417572047,-9.369636363639166e-05,1.0868580727272754,10.174112999999924,36.649116879455384,30.733528,32.862747677246595,0.017212247,0.016145013,-0.0009618189999999992,2.597695185925512
b2c16,b2,4.8C(80%)-4.8C,False,472.0,472.0,False,,499,4.8,80.0,4.8,4.8,-1.2736447676142502,-1.5809591747346379,-3.494880991874622,-1.1417106735670917,0.07215880401275236,0.11289303463713198,-0.013458990963202577,1.0945363,0.007131600000000127,1.0940695,-0.0004667999999998784,-1.5038863327153774e-05,1.0977967335448355,-0.00027128424242425287,1.121640815151516,10.171980333333341,37.601054318286856,30.168455,32.7673986704417,0.017776627,0.017414019,-0.0002792050000000011,2.673941998634088
b2c17,b2,5.6C(26%)-4.5C,False,471.0,471.0,False,,494,5.6,26.0,4.5,4.8068669527897,-1.2793248413972615,-1.6135663103829572,-3.5003441284740386,-0.7655238097362571,-0.17158376385561103,0.10861737847095478,-0.00967454822586089,1.0917177,0.018217600000000056,1.0944375,0.002719799999999939,3.904175881262204e-05,1.0919324369672223,-0.00010712606060608754,1.1045100987878813,10.176372333333273,35.36969,30.341412,32.988612809790894,0.017503092,0.016950201,-0.00042510400000000254,2.673020907128896
b2c18,b2,5.2C(50%)-4.25C,False,449.0,449.0,False,,467,5.2,50.0,4.25,4.797829036635006,-1.4007101874245018,-1.7788234211823972,-3.707302736176298,-0.5629166904963094,-0.27357934756349894,0.1602923920962248,-0.002207446058846596,1.0756292,0.01278990000000002,1.0858426,0.010213400000000039,0.00011339298701298683,1.0767242930158725,-8.618181818182374e-05,1.0938024836363642,10.175029666666669,36.964727535985794,30.155224,32.88627829858526,0.01680507,0.016488669,-4.021899999999759e-05,2.6522463410033232
b2c19,b2,6C(60%)-3C,False,392.0,392.0,False,,411,6.0,60.0,3.0,4.8,-1.182753687174254,-1.4646019681519966,-3.291958004542694,-0.8062831067156702,0.1562128994224085,0.10790126209915865,-0.019825349970739925,1.0902406,0.010140499999999886,1.0930592,0.0028185999999998934,2.1983457019166268e-05,1.0936348305607089,-0.0002699042424242793,1.1213399951515186,10.175535333333391,37.29125540144077,30.041353,32.770067410122046,0.016772689,0.016542695,6.25240000000013e-05,2.593286067020457
b2c20,b2,5.2C(58%)-4C,False,489.0,489.0,False,,506,5.2,58.0,4.0,4.803695150115473,-1.218215280679908,-1.6119851781057282,-3.4413054314104006,-0.35713672045652933,-0.4394032649068832,-0.01832994255062636,-0.008964167723910954,1.0977259,0.006970300000000096,1.1038647,0.0061388,2.8384829931970537e-05,1.098636491855287,0.00019507030303029418,1.0845231060606069,10.172872000000012,37.85651,30.464781,33.61911118506716,0.016656091,0.016160993,0.00019093999999999708,2.6893088591236203
b2c21,b2,6C(60%)-3C,False,408.0,408.0,False,,426,6.0,60.0,3.0,4.8,-1.1906586183672832,-1.4777050875924806,-3.326679075199306,-0.7082096924376042,0.19578991036583723,0.09730752963153076,-0.020442194040871886,1.0985936,0.008365100000000014,1.1000447,0.0014510999999999274,3.546821447123146e-05,1.0993065303548961,-0.00043725939393937934,1.1453644321212106,10.174583999999935,39.554886,30.169489264517047,33.60118814118363,0.017283741,0.017071372,0.00012853800000000096,2.61066016308988
b2c24,b2,4.8C(80%)-4.8C,False,514.0,514.0,False,,536,4.8,80.0,4.8,4.8,-1.3397990424498685,-1.6426087464102113,-3.6408852680750527,-0.8315257594422645,0.1473921115244357,0.09584556005341445,-0.011520777305539687,1.0923017,0.009624700000000042,1.1019264,0.009624700000000042,4.325509709338842e-05,1.0940981880280347,0.00021200424242421442,1.0801227048484874,10.170490666666689,39.222355,29.545424324822893,33.206377241160645,0.016653664,0.016424084,-0.00014084899999999845,2.710963118995276
b2c25,b2,5.2C(58%)-4C,False,493.0,493.0,False,,511,5.2,58.0,4.0,4.803695150115473,-1.2966358308501311,-1.6268859417094,-3.5344779300217333,-1.2007541062737945,-0.06298627046564019,0.13157522822153278,-0.009855140094273018,1.098838,0.008213400000000037,1.1063702,0.007532199999999989,3.860060482374841e-05,1.100278415618635,0.00023772303030303231,1.0826872806060603,10.172881333333304,35.15638,30.123915,32.23848796399698,0.016827697,0.016576298,2.3801000000000377e-05,2.69284691927723
b2c26,b2,5.6C(26%)-4.5C,False,450.0,450.0,False,,476,5.6,26.0,4.5,4.8068669527897,-1.1348440130946638,-1.4197761416757684,-3.2220536077932804,-0.6377848898154734,0.23025820257688392,0.07471090003414717,-0.02482210856318945,1.1043522,0.0028544000000001457,1.1065354,0.002183200000000163,-1.2231956709952081e-05,1.1047910398932173,0.00012981272727272879,1.0933725545454542,10.192329666666629,38.98082610957073,30.030421675893816,33.75843376995604,0.018412031,0.017513856,-0.0008291710000000001,2.6532125137753435
b2c27,b2,5.2C(50%)-4.25C,False,474.0,474.0,False,,493,5.2,50.0,4.25,4.797829036635006,-1.2636731692411862,-1.607585732519096,-3.48620363289781,-0.8563543578029256,-0.13920205356096377,0.1320411432583102,-0.009382843950540343,1.0925682,0.01260059999999985,1.1031471,0.010578899999999836,8.322792949907285e-05,1.094291405898577,7.094909090906442e-05,1.0969472818181842,10.174448333333178,39.292397,30.006104329573958,33.30411096115286,0.017678261,0.017410973,0.00012275900000000006,2.6757783416740852
b2c28,b2,4.8C(80%)-4.8C,False,437.0,437.0,False,,456,4.8,80.0,4.8,4.8,-1.2480177638242413,-1.5530074571887018,-3.4234111691232063,-1.3389002907942122,0.045824708309599636,0.1433837301455278,-0.013616920925579201,1.0904486,0.009223800000000004,1.0995919,0.009143300000000076,5.7402129870125894e-05,1.0921266135988452,0.00019808787878788507,1.0793813975757567,10.17431633333336,35.97005389341205,29.689555895282943,32.143914131113334,0.016827082,0.016122971,-0.0006546150000000008,2.640481436970422
b2c29,b2,5.2C(58%)-4C,False,452.0,452.0,False,,470,5.2,58.0,4.0,4.803695150115473,-1.2787375057821846,-1.596498010104519,-3.5082481790944344,-1.7145043818793317,0.019297258658327834,0.12786194853599653,-0.011824407818188387,1.1032062,0.014966599999999941,1.1159806,0.012774400000000075,0.00012008288806431068,1.1039015333147804,-4.4665454545449836e-05,1.1204395309090904,10.173121999999905,35.143738,29.61923518807385,31.797490897448796,0.016795976,0.016617509,0.00011061700000000035,2.655138434811382
b2c30,b2,5.6C(26%)-4.5C,False,412.0,412.0,False,,429,5.6,26.0,4.5,4.8068669527897,-1.121920556930394,-1.4016923043601905,-3.1854095592748743,-0.6000660286449436,0.2511504561933174,0.0796358114037447,-0.026528776131546694,1.0946374,0.003826499999999955,1.092545,-0.0020923999999999943,-8.503881385281154e-05,1.0973199017287152,-2.8684848484868303e-06,1.0914745103030306,10.223914333333378,38.2883066025032,29.889199981272736,33.81182141567536,0.017830005,0.01667887,-0.001062254999999998,2.6148972160331345
b2c31,b2,5.6C(26%)-4.5C,False,425.0,425.0,False,,446,5.6,26.0,4.5,4.8068669527897,-1.1922699648528527,-1.5139316063489128,-3.35235883148731,-1.227133649211002,0.059274288659576735,0.0679903814354,-0.01793636626264572,1.0990092,0.004161300000000034,1.1006228,0.0016135999999999928,3.9791858998146125e-05,1.0978239646860437,-4.224848484858548e-06,1.102285443030304,10.177968666666759,37.238895,29.959369058435346,33.3758501254003,0.016888967,0.015888851,-0.0006819260000000028,2.6283889300503116
b2c32,b2,4.8C(80%)-4.8C-newstructure,True,809.0,809.0,False,,834,4.8,80.0,4.8,4.8,-1.5612803858741024,-1.8732213744423425,-4.131466155166347,-0.6823631865124677,0.20779582306363237,-0.0122985171868393,-0.008745242104810202,1.0881557,0.005788700000000091,1.0874337,-0.0007219999999998894,-5.5682572665427346e-05,1.0928872021150273,2.240424242420543e-05,1.0860940448484886,10.041900666666674,34.753593,29.949444,32.16894887045923,0.014826416,0.014739397,-5.889600000000099e-05,2.9079485216122722
b2c33,b2,5.2C(58%)-4C-newstructure,True,1140.0,1140.0,False,,1190,5.2,58.0,4.0,4.803695150115473,-1.6182579991073993,-1.9363086549208746,-4.23162831933775,-0.5437547868127475,0.28592044638203534,-0.010483824641970157,-0.009515360775324444,1.0732747,0.0014279999999999848,1.0686773,-0.004597399999999974,-0.00012531416326531098,1.07698134151845,1.4609090909078553e-05,1.067026401818183,10.03920333333323,35.019115,30.171801,32.74157143407892,0.015095364,0.014933125,-8.753799999999985e-05,3.0569048513364727
b2c34,b2,5.6C(26%)-4.5C-newstructure,True,1186.0,1186.0,False,,1252,5.6,26.0,4.5,4.8068669527897,-1.7179911430787784,-2.0904410516318497,-4.448585173324752,-0.8173909534263689,-0.1522681413461274,-0.05187905160124036,-0.005429099317528996,1.0671737,0.001733100000000043,1.0644548,-0.0027188999999998575,-5.456295732837848e-05,1.0699151785005145,2.1133939393911725e-05,1.0623619987878814,10.040011000000039,39.697674,30.77528232546755,35.66789148456313,0.015062638,0.014872484,-0.00011882799999999964,3.074084689028244
b2c41,b2,5.6C(26%)-4.5C,False,442.0,442.0,False,,463,5.6,26.0,4.5,4.8068669527897,-1.0918848290836711,-1.422872660678739,-3.1723658101769976,-1.356674505690171,-0.04398711658406335,0.059963704952834034,-0.0215223674358469,1.1049188,0.005106599999999961,1.108752,0.00383319999999987,2.3998204081631683e-05,1.1047322431069877,-1.5642424242562446e-06,1.1088786151515164,10.177705666666686,34.98487001858617,0.0,30.193787010451164,,,,2.645422269349092
b2c42,b2,5.2C(50%)-4.25C,False,474.0,474.0,False,,497,5.2,50.0,4.25,4.797829036635006,-1.2662602060364871,-1.5325293081889177,-3.482587648007536,-0.45378878561198716,0.35173145970026903,0.0681150274899125,-0.018151928313114407,1.1024443,0.011393200000000103,1.1133598,0.010915500000000078,8.583347433519058e-05,1.1027536120008241,7.06951515151377e-05,1.1060107230303042,10.174918666666732,36.76044310987061,29.125111,31.709620029469267,,,,2.6757783416740852
b2c43,b2,4.8C(80%)-4.8C-newstructure,True,1029.0,1029.0,False,,1061,4.8,80.0,4.8,4.8,-1.7174947542893648,-2.109112610982823,-4.271781928623568,-0.42754569254836394,0.37364081219777295,-0.10574899716963033,-0.00706288862364568,1.0974334,0.004615400000000047,1.0966223,-0.0008110999999999535,-7.295969944341106e-05,1.1023848153786842,2.710787878786864e-05,1.0939342575757582,10.0362016666667,38.4212899272313,30.231243,33.92914533704784,,,,3.012415374762433
b2c44,b2,5.2C(58%)-4C-newstructure,True,841.0,841.0,False,,874,5.2,58.0,4.0,4.803695150115473,-1.6924552378239504,-2.057963526824461,-4.36452348032534,-0.6352615756208628,-0.2315999303131427,0.044097781349740885,-0.003950238399387018,1.09659,0.002728300000000017,1.0974951,0.000905099999999992,-2.446207668521927e-05,1.098876307325087,0.00011412545454541582,1.0859153090909126,10.040366333333369,37.579971,30.372488119722746,33.95995836968299,,,,2.924795995797912
b2c45,b2,5.6C(26%)-4.5C-newstructure,True,997.0,997.0,False,,1027,5.6,26.0,4.5,4.8068669527897,-1.5739701648315778,-1.9524266320362493,-4.175214949171005,-0.48133357923175724,-0.3301158834164389,-0.03129657840490951,-0.0055728728508448455,1.1030351,0.0020833999999998465,1.0995457,-0.003489400000000087,-7.610656895484813e-05,1.10510027845104,2.7618181818071684e-06,1.0996454963636373,10.040267666666622,38.42024558425599,31.853023796346278,35.271412144027664,,,,2.998695158311656
b2c46,b2,4.8C(80%)-4.8C,False,503.0,503.0,False,,523,4.8,80.0,4.8,4.8,-1.2768530822548958,-1.6414123234468558,-3.5088751328187002,-0.8731443742118067,-0.13392314074865622,0.08042299262721925,-0.011255181211448972,1.100943,0.006137899999999918,1.0998453,-0.0010977000000000903,1.9638269635131457e-05,1.101560466430426,-0.00020177454545458726,1.121246729090913,10.169781000000075,31.867259462197975,0.0,29.88150861827619,,,,2.7015679850559273
b3c0,b3,5C(67%)-4C-newstructure,True,1009.0,1009.0,False,,1008,5.0,67.0,4.0,4.804804804804805,-1.6324268476284225,-1.9955850095689884,-4.245114870317645,-0.7096946042875497,-0.19512162119318677,0.0688845462203458,-0.0037678092154551646,1.0674551,0.003916099999999867,1.0694544,0.001999299999999815,-5.346195423626031e-06,1.07065909132014,-4.185030303031202e-05,1.0735924739393947,10.044530999999989,33.974361,30.642652233872806,32.194853230782606,0.015398955,0.015180224,-0.00012841200000000136,3.0038911662369103
b3c1,b3,5.3C(54%)-4C-newstructure,True,1063.0,1063.0,False,,1062,5.3,54.0,4.0,4.7936687394007915,-1.6512245320053403,-2.0167789308763884,-4.28554271039912,-0.5430731726335994,-0.2863695436051661,0.05076408049353483,-0.003753382222941637,1.0650603,0.003679599999999894,1.0664777,0.001417400000000013,-1.4719340754480143e-05,1.0684723580956494,-6.469515151517784e-05,1.0728812169696995,10.041138666666567,38.707848,31.221146,34.83231929224147,0.015162034,0.014931546,-0.00010282300000000015,3.0265332645232967
b3c3,b3,5.6C(36%)-4.3C-newstructure,True,1115.0,1115.0,False,,1114,5.6,36.0,4.3,4.8015952143569285,-1.5712722684801177,-1.970396518690482,-4.116607770381197,-0.31916647397075854,-0.4795495922194519,0.008770857302452757,-0.00371943305776834,1.0628892,0.0026450000000000085,1.0635946,0.0007053999999999672,-1.2654854669141905e-05,1.0652984177901463,-7.747878787880555e-05,1.0711947842424259,10.042065333333351,40.076626,31.780437,36.08374244976545,0.015006617,0.014885032,5.60549999999993e-05,3.0472748673841794
b3c4,b3,5.6C(19%)-4.6C-newstructure,True,1048.0,1048.0,False,,1047,5.6,19.0,4.6,4.803729603729602,-1.6053684086049191,-1.9954018465879846,-4.178465673149821,-0.360653530443824,-0.4358594530739961,0.044585785656684716,-0.0030556561903645196,1.0724765,0.0027884999999998605,1.0738586,0.0013821000000000527,-5.233104514546137e-06,1.074804658027211,-2.376060606062198e-05,1.0761844678787895,10.045031333333366,33.39357830787951,30.86325642415428,32.11715379681872,0.015246842,0.015085269,-6.733400000000049e-05,3.0203612826477078
b3c5,b3,5.6C(36%)-4.3C-newstructure,True,828.0,828.0,False,,827,5.6,36.0,4.3,4.8015952143569285,-1.594395867927963,-1.9413551584939963,-4.114423974726586,-0.7878600900100511,-0.16298210025008256,0.10881165516274117,-0.0035167268485765124,1.0514506,0.0026052000000000852,1.0518515,0.00040090000000003734,-1.602090043289774e-05,1.0539742073362188,-6.302727272732888e-05,1.0580870145454602,10.041910000000012,40.19554382518285,31.605618939619383,35.56013985266867,0.015374157,0.015130546,-0.00016723399999999874,2.9180303367848803
b3c6,b3,3.7C(31%)-5.9C-newstructure,True,667.0,667.0,False,,666,3.7,31.0,5.9,4.795167490389896,-1.2740749260804134,-1.5448876192797236,-3.5257081929454923,-0.31591025808890316,0.48315863084518784,-0.06194163370339561,-0.022159909907229602,1.0626124,0.00045920000000010397,1.04378,-0.01883239999999997,-0.0002023977884972222,1.0640819993345705,-0.00024328727272730075,1.0680148345454572,10.06247166666663,37.461433,30.943061172088374,34.1072055276095,0.013527169,0.013527169,0.00032014799999999927,2.824125833916549
b3c7,b3,4.8C(80%)-4.8C-newstructure,True,1836.0,1836.0,False,,1835,4.8,80.0,4.8,4.8,-1.768045874915885,-2.1525643740630627,-4.488742187967907,-0.4675221639553139,-0.34078293270641924,0.07945768938273082,-0.002131122973546562,1.0675218,0.003397199999999989,1.0684743,0.0009525000000001338,-2.3574483611610727e-06,1.070297655118944,-6.748666666666012e-05,1.0760852866666657,11.041577333333311,34.60008198094648,31.00022334239158,32.79694473003086,0.015535541,0.015372629,-3.5402999999999823e-05,3.2638726768652235
b3c8,b3,5C(67%)-4C-newstructure,True,828.0,828.0,False,,827,5.0,67.0,4.0,4.804804804804805,-1.5710723604574097,-1.9278836684244571,-4.091803757442373,-0.6674161490032585,-0.21507198874661293,0.10692266604814263,-0.0034103335564310555,1.0647362,0.003978199999999932,1.067026,0.0022898000000000085,-3.3089511440911376e-06,1.0681748474174393,-3.773696969699921e-05,1.0708422406060636,10.044950000000002,35.5458971642776,30.969942,33.05552416009523,0.015438134,0.01520093,-0.00017268099999999918,2.9180303367848803
b3c9,b3,5.3C(54%)-4C-newstructure,True,1039.0,1039.0,False,,1038,5.3,54.0,4.0,4.7936687394007915,-1.5290712116059078,-1.8392910734221652,-3.982296953008088,-1.2529876470120493,-0.05584860799805731,0.1294373221088438,-0.004967161023648803,1.0694826,0.00388809999999995,1.0724456,0.002963000000000049,6.68053184916058e-07,1.0728252555501954,-8.253333333347526e-06,1.0732397333333346,10.041749333333332,35.6854391223452,31.020124803456543,33.08832983925303,0.015903223,0.015742281,-2.9396000000000977e-05,3.016615547557177
b3c10,b3,4.8C(80%)-4.8C-newstructure,True,1078.0,1078.0,False,,1077,4.8,80.0,4.8,4.8,-1.7191252386508329,-2.079084830390947,-4.4113559240265765,-0.6109110555486508,-0.2449564866670881,0.07623082221603884,-0.0031614437531222173,1.0617746,0.003226200000000068,1.0623909,0.0006163000000001251,-2.8759653679635088e-06,1.0645252641327554,-0.00011395212121215553,1.0746039575757609,11.045003333333321,35.20887742320281,30.42616190989248,32.5348014795901,0.015551002,0.015318613,-0.00014386399999999876,3.03261876085072
b3c11,b3,5.6C(19%)-4.6C-newstructure,True,817.0,817.0,False,,816,5.6,19.0,4.6,4.803729603729602,-1.4674064416533914,-1.8062997536129268,-3.884921164468091,-0.8532749628130338,-0.14019258288482342,0.10229864047361349,-0.005870842094072293,1.0680679,0.0026927999999999397,1.0682998,0.0002318999999999516,-1.7682165739029632e-05,1.070729462169862,-3.90187878788211e-05,1.0722465442424274,10.042218333333295,38.22832463770115,31.117903,34.20373702283128,0.015608084,0.015485173,-4.955999999999884e-05,2.9122220565324155
b3c12,b3,5.6C(36%)-4.3C-newstructure,True,932.0,932.0,False,,931,5.6,36.0,4.3,4.8015952143569285,-1.4984625676823458,-1.814886031312002,-3.9467899768101886,-2.045376078316424,0.009007907579175856,0.10835219537294209,-0.006072419398149398,1.0741653,0.002777699999999994,1.0755343,0.0013689999999999536,-6.6794632034672655e-06,1.0766760324213562,-2.3809696969692323e-05,1.0779402660606057,10.04249166666661,36.11585579982815,30.951786787726437,33.2205731520236,0.016139418,0.01599754,-4.0385999999999894e-05,2.9694159123539814
b3c13,b3,5.6C(19%)-4.6C-newstructure,True,816.0,816.0,False,,815,5.6,19.0,4.6,4.803729603729602,-1.5583663773653675,-1.9293903427897119,-4.094466485311571,-0.5879281637115217,-0.25826873554691865,0.0784346606013964,-0.0034193578679500014,1.065558,0.004086699999999999,1.067306,0.0017480000000000828,-1.2185193568341783e-05,1.069335077195217,-4.9785454545442306e-05,1.0722577309090895,10.042319666666685,37.80334001741199,31.008408624872537,34.11768528185422,0.015250437,0.01506449,-0.00014514099999999967,2.9116901587538613
b3c14,b3,5.6C(36%)-4.3C-newstructure,True,858.0,858.0,False,,857,5.6,36.0,4.3,4.8015952143569285,-1.533393919034542,-1.8793090444151623,-3.999667694941731,-0.716601828521874,-0.19204286282934238,0.12052024069099274,-0.0038364411934397324,1.0727056,0.005038600000000004,1.0763919,0.0036863000000000312,4.6361076066727265e-06,1.0767793645726649,-1.6985454545497508e-05,1.0781103509090952,10.041712000000018,36.101499457512425,30.790092,33.11953606667905,0.015668793,0.015496999,-7.740999999999998e-05,2.9334872878487053
b3c15,b3,5.9C(15%)-4.6C-newstructure,True,876.0,876.0,False,,875,5.9,15.0,4.6,4.798232044198895,-1.530408515674226,-1.8748334000635414,-4.000684421929468,-0.8129764990851626,-0.15382378764959165,0.10865481008498468,-0.004274606506854406,1.0684187,0.002858699999999992,1.0693594,0.0009406999999999055,-1.156462213976474e-05,1.0711365179513497,-7.973333333334892e-05,1.0770642933333348,10.041533666666655,37.344582,30.48859917220236,33.51055049283859,0.015417448,0.01525728,-9.027200000000062e-05,2.9425041061680806
b3c16,b3,4.8C(80%)-4.8C-newstructure,True,1638.0,1638.0,False,,1637,4.8,80.0,4.8,4.8,-1.8712132821312482,-2.2738188659012195,-4.694513499472995,-1.2735011759627977,-0.05327197818466717,-0.051277740251902675,-0.0029836860034497814,1.061009,0.0033308999999999145,1.0625579,0.0015488999999999642,-9.691301175018761e-06,1.0640031119154811,-8.315333333334058e-05,1.0705421733333338,11.04336633333335,38.21816186151848,31.641069440702125,34.94134876933804,0.015453937,0.015253145,-0.00012093599999999857,3.2143138974244
b3c17,b3,5.3C(54%)-4C-newstructure,True,1315.0,1315.0,False,,1314,5.3,54.0,4.0,4.7936687394007915,-1.7475744000986955,-2.1404884281878855,-4.439713079764758,-1.7773354050499555,0.016698005314836766,-0.08871394099424047,-0.004417854075655647,1.0664514,0.002599599999999924,1.0664585,7.0999999999266095e-06,-5.833125541120238e-06,1.0673452964733043,-1.9984242424260744e-05,1.0685331951515167,10.041974333333346,38.138309,31.041136885840285,35.07228784758459,0.015524552,0.01535425,-0.00016227499999999992,3.1189257528257768
b3c18,b3,5.6C(19%)-4.6C-newstructure,True,1146.0,1146.0,False,,1145,5.6,19.0,4.6,4.803729603729602,-1.6297503059145464,-1.9853846641934176,-4.254052001185467,-0.6402371586771023,-0.2289617001770088,0.02412568647895329,-0.005007944232827244,1.0680237,0.0021301000000000236,1.0670015,-0.0010221999999999731,-2.927494124922568e-05,1.0703619310946189,-7.005818181821136e-05,1.0740334163636391,10.043129666666696,38.518787,32.020798,35.2914180269327,0.015098186,0.014978203,-3.7439999999999696e-05,3.059184617631371
b3c19,b3,5.6C(36%)-4.3C-newstructure,True,1155.0,1155.0,False,,1154,5.6,36.0,4.3,4.8015952143569285,-1.5969883629889903,-1.9375880193746162,-4.171941874669042,-0.9176522722522256,-0.12087812859596625,0.04605859136730031,-0.005521139983615475,1.0719248,0.0019749000000000017,1.0708553,-0.0010694999999998345,-2.9691358070504438e-05,1.0742350855242218,-7.901090909089523e-05,1.0787102018181804,10.043436999999928,38.401493,31.769892,35.09835953689969,0.015555796,0.015178323,-4.249000000000093e-05,3.062581984228163
b3c20,b3,5C(67%)-4C-newstructure,True,813.0,813.0,False,,812,5.0,67.0,4.0,4.804804804804805,-1.55172674423117,-1.9237462109054284,-4.066344693269561,-0.46912178583404246,-0.33953004746091525,0.07291148746620203,-0.0034843639831663165,1.0650502,0.0030607000000000273,1.0664401,0.001389899999999944,-7.154074211500192e-06,1.0678147557645838,-4.0721212121225944e-05,1.070552775757577,10.04332966666664,36.232254,30.598567437403773,33.10212248197412,0.015409848,0.015206913,-7.635700000000085e-05,2.910090545594068
b3c21,b3,3.7C(31%)-5.9C-newstructure,True,772.0,772.0,False,,771,3.7,31.0,5.9,4.795167490389896,-1.363751396832805,-1.6282174482159204,-3.704326685729231,-0.29572955858536937,0.506139744381752,-0.07258468684747522,-0.018335863009741882,1.0678563,0.0008403999999999634,1.0538316,-0.014024700000000001,-0.0001594917019171322,1.070112266696763,-0.00019249454545455243,1.0731308890909097,10.067868000000017,38.317612,31.554761921167493,34.900399416468076,0.013943589,0.01394002,0.00023393700000000003,2.887617300335736
b3c22,b3,5.9C(60%)-3.1C-newstructure,True,1002.0,1002.0,False,,1001,5.9,60.0,3.1,4.813157894736842,-1.5465390127724639,-1.8625651617897585,-4.046822397094466,-1.2763628360627175,0.05292211155889781,0.10345259579968995,-0.005950153632917399,1.0562643,0.002844599999999975,1.0569046,0.000640299999999927,-1.5988764378483083e-05,1.0589703502156254,-5.2859393939410386e-05,1.0622420321212136,10.043384333333282,37.97354076473168,31.405123,34.61069656408486,0.015852775,0.015614755,-0.00012298300000000012,3.0008677215312267
b3c24,b3,5C(67%)-4C-newstructure,True,825.0,825.0,False,,824,5.0,67.0,4.0,4.804804804804805,-1.6060319403400782,-1.985249237193808,-4.155254994876533,-0.47398552258987176,-0.3357488064002481,0.10100849267505484,-0.0020109833210280037,1.0462732,0.004855700000000018,1.050084,0.003810800000000114,9.6505887445875e-06,1.0499490280548336,-5.473030303031086e-05,1.0555170539393945,10.042240333333272,37.871063,31.712324162858778,34.68760501613314,0.015751192,0.01550305,-0.0001505590000000015,2.916453948549925
b3c25,b3,5.3C(54%)-4C-newstructure,True,989.0,989.0,False,,988,5.3,54.0,4.0,4.7936687394007915,-1.5755063124244277,-1.961545893215308,-4.1465607447332715,-0.43610264246069086,-0.36635097992559806,0.030735094152098946,-0.003425931831857465,1.0611302,0.004340299999999964,1.0643663,0.003236100000000075,6.950843537418871e-06,1.064468012030096,-5.590848484850476e-05,1.0698965703030323,10.041598333333386,39.595110804534556,31.926973,35.58186389191699,0.015752004,0.015591009,-4.924599999999932e-05,2.9951962915971793
b3c26,b3,5.6C(19%)-4.6C-newstructure,True,1028.0,1028.0,False,,1027,5.6,19.0,4.6,4.803729603729602,-1.6165591632709488,-1.9939794863681046,-4.219507413901045,-0.46577650146456473,-0.3421554787701476,0.025503713565828295,-0.004120246337095068,1.0720186,0.0037909000000000415,1.074435,0.0024163999999999852,-4.2884230055903015e-07,1.0751341679270245,-4.3655151515148716e-05,1.0787545169696966,10.041816666666708,39.786995,31.812666,35.745916536891265,0.015693368,0.015538619,-4.2369000000000434e-05,3.011993114659257
b3c27,b3,5.6C(36%)-4.3C-newstructure,True,850.0,850.0,False,,849,5.6,36.0,4.3,4.8015952143569285,-1.575113615428363,-1.9702141433069023,-4.130132310934438,-0.44230691942881106,-0.36115454159106597,0.04694311414825724,-0.0028959248528788173,1.0604171,0.004035500000000081,1.0627574,0.002340299999999962,-4.0353704390864875e-06,1.0639148665186557,-4.6492727272754757e-05,1.0673721254545483,10.045022333333327,38.98098,31.88298,35.30844806776433,0.015073455,0.014868693,-9.954799999999965e-05,2.929418925714293
b3c28,b3,3.7C(31%)-5.9C-newstructure,True,541.0,541.0,False,,540,3.7,31.0,5.9,4.795167490389896,-1.2378383926134868,-1.519186777295027,-3.451657893017001,-0.5233967512264788,0.2996423874831566,-0.00864040136683432,-0.021674930024077055,1.0518668,0.0008316999999999908,1.0340093,-0.01785750000000008,-0.00019802208534322756,1.0546211465545243,-0.000267253333333343,1.0606691533333341,10.05914166666674,39.85648636436463,31.972694,35.69688828820833,0.013169404,0.013169404,0.00043592300000000125,2.7331972651065692
b3c29,b3,5.9C(15%)-4.6C-newstructure,True,858.0,858.0,False,,857,5.9,15.0,4.6,4.798232044198895,-1.5387795593022975,-1.946899452314245,-4.0635761002012085,-0.4578609489111921,-0.3484488624765838,0.07179287055388504,-0.0026860280081242305,1.0663688,0.0048319999999999474,1.0696349,0.0032661000000000495,4.077620284472189e-06,1.0702923110624611,-5.961212121213204e-05,1.0755420975757586,10.041687666666647,31.999889,30.393116,31.262889334066085,0.014962286,0.014745088,-0.00016551100000000013,2.9334872878487053
b3c30,b3,5.3C(54%)-4C-newstructure,True,935.0,935.0,False,,934,5.3,54.0,4.0,4.7936687394007915,-1.5728845665772753,-1.953209518320929,-4.1002255467806545,-0.4119391525840831,-0.3873119059789263,0.055725818188972945,-0.0034418042766850565,1.0687393,0.0036004999999998955,1.0710108,0.002271499999999982,-3.416536796534243e-06,1.071880174689754,-3.100909090907998e-05,1.074063598181817,10.043678666666674,34.756857996430846,30.474829,32.24311941023021,0.015732529,0.015509814,-0.00011412599999999912,2.9708116108725178
b3c31,b3,5.9C(60%)-3.1C-newstructure,True,731.0,731.0,False,,730,5.9,60.0,3.1,4.813157894736842,-1.4483132816471656,-1.786467672163856,-3.8396030254357147,-0.9177432248079471,-0.12085281622375785,0.11114024675336923,-0.00581206050397598,1.0681812,0.0034605000000000885,1.0698149,0.0016336999999999602,-8.999562152133179e-06,1.071258665548546,-3.540727272728333e-05,1.0732814145454554,10.046477666666663,37.242977,30.816336554657795,34.00003070157337,0.015983483,0.015812302,-2.983200000000047e-05,2.8639173769578603
b3c33,b3,5C(67%)-4C-newstructure,True,1284.0,1284.0,False,,1283,5.0,67.0,4.0,4.804804804804805,-1.7014541887150514,-2.105203467905226,-4.395898333073689,-0.3767143449880623,-0.42003516917202466,0.0038589147293222785,-0.0030397121931502458,1.060272,0.00264439999999988,1.0609198,0.0006477999999998652,-1.2591045145338765e-05,1.062801338251907,-5.687757575757686e-05,1.0666273884848485,10.043301333333366,34.695709,31.415869,33.10710984192206,0.015511206,0.015279103,-0.00015399299999999984,3.1085650237328344
b3c34,b3,5.3C(54%)-4C-newstructure,True,1158.0,1158.0,False,,1157,5.3,54.0,4.0,4.7936687394007915,-1.6673617546311603,-2.019905433068519,-4.305659504591576,-0.7349927831537058,-0.184080259057273,0.06288836987943101,-0.003900595493521619,1.061535,0.0027430999999999983,1.0615493,1.430000000013365e-05,-2.115797278911987e-05,1.0643250697435578,-7.76575757575774e-05,1.0693081484848483,10.044184666666649,39.49040963165045,31.956257,35.77943527518051,0.015438841,0.015220164,-0.00010690799999999931,3.0637085593914173
b3c35,b3,5.6C(19%)-4.6C-newstructure,True,1093.0,1093.0,False,,1092,5.6,19.0,4.6,4.803729603729602,-1.6377423618849243,-2.0076044252403284,-4.234858289724564,-0.5282153387532913,-0.29633616843670796,0.06176101277146974,-0.0033997930400220255,1.0633804,0.002049399999999979,1.0632331,-0.00014730000000007237,-1.953093877550817e-05,1.0654954172714899,-4.9812727272764123e-05,1.0681985454545488,10.043148666666676,39.086731,31.761244,35.532941501822236,0.01549053,0.015308049,-7.601500000000046e-05,3.038620161949703
b3c36,b3,5.6C(36%)-4.3C-newstructure,True,923.0,923.0,False,,922,5.6,36.0,4.3,4.8015952143569285,-1.6386157036816351,-2.0039983334936293,-4.253457920681209,-0.600116743404551,-0.2511211297987007,0.040137917383485884,-0.003765574047283282,1.0575287,0.003076099999999915,1.0577667,0.00023799999999996047,-2.197191960420188e-05,1.0604838153745615,-5.9386060606053545e-05,1.0636667387878778,10.043801000000046,39.893036,31.939495,35.87907157748097,0.015267849,0.015083324,-8.82880000000006e-05,2.965201701025912
b3c38,b3,5C(67%)-4C-newstructure,True,1935.0,1935.0,False,,1934,5.0,67.0,4.0,4.804804804804805,-1.695789490226726,-2.060826155155733,-4.342053043792284,-1.266283530918317,-0.054164715839684595,0.07073468072679426,-0.0037957789903024786,1.0701473,0.0025093000000000476,1.0710695,0.0009221999999999841,-8.787589363021427e-06,1.0724309185726653,-6.188181818183164e-05,1.0772456436363649,10.044471,38.268311,30.966864,34.745836319764145,0.015988033,0.015742945,-0.00011589700000000022,3.28668096935493
b3c39,b3,5.3C(54%)-4C-newstructure,True,1156.0,1156.0,False,,1155,5.3,54.0,4.0,4.7936687394007915,-1.758007558315108,-2.191894500525985,-4.454635076566319,-0.533816816914326,-0.29253860298053624,0.0013067643567437476,-0.001619909403289821,1.0474036,0.004107000000000083,1.0495038,0.0021002000000001075,-6.583238095233322e-06,1.050918795647907,-2.41103030303177e-05,1.0520108139393956,10.043833000000012,36.491322,30.99731619825322,33.887021839840784,0.015740704,0.015480768,-0.00015527400000000038,3.0629578340845103
b3c40,b3,5.6C(19%)-4.6C-newstructure,True,796.0,796.0,False,,795,5.6,19.0,4.6,4.803729603729602,-1.6565166769039124,-2.041968610115685,-4.29510827493732,-0.5010957739122448,-0.3154308934543946,0.05633795781194752,-0.0025038928768992275,1.0593235,0.004510000000000014,1.0617574,0.002433899999999989,-7.692147186143209e-06,1.0633916873852807,-4.8289696969703086e-05,1.0666356460606066,10.043562999999995,38.358112,30.658075,34.05341123035083,0.015561919,0.015254971,-0.00023430500000000062,2.900913067737669
b3c41,b3,5.6C(36%)-4.3C-newstructure,True,786.0,786.0,False,,785,5.6,36.0,4.3,4.8015952143569285,-1.6163103876714375,-2.0110822284940277,-4.2195093707566445,-0.4471693406964237,-0.3571335569959481,0.026586428412793208,-0.003228926654322395,1.0505219,0.004361900000000141,1.0541531,0.0036312000000000566,9.732244897959292e-06,1.0538777989445467,-5.06472727272885e-05,1.0591494945454558,10.042974333333357,37.245838,30.47063701600857,33.640262798950594,0.01854171,0.017006677,-0.00017313199999999945,2.895422546039408
b3c44,b3,5.3C(54%)-4C-newstructure,True,940.0,940.0,False,,939,5.3,54.0,4.0,4.7936687394007915,-1.5852750745744224,-1.9495792102050353,-4.131495522376496,-0.6115144901627177,-0.2446163658848556,0.09285950298371097,-0.0031351801775374444,1.06972,0.004184900000000047,1.0729284,0.003208399999999889,4.689736549163306e-06,1.0730782133349823,-1.7926666666705958e-05,1.0746688466666705,10.043435666666628,36.881859,30.183569,33.35164903826186,0.015722955,0.01551657,-0.00010574500000000084,2.9731278535996988
b3c45,b3,4.8C(80%)-4.8C-newstructure,True,1801.0,1801.0,False,,1800,4.8,80.0,4.8,4.8,-1.7830965362089448,-2.1468037392851236,-4.5208508005857535,-0.48393679489699826,-0.32814304597836497,0.07082391241475824,-0.0026775918999450976,1.0695485,0.0025961999999999374,1.0711251,0.001576599999999928,-1.2584539269261775e-07,1.0714722756907844,-7.187878787901366e-06,1.0717359024242445,11.037649999999994,35.085537,30.620083,32.72596355233115,0.015742011,0.015557319,-7.953999999999947e-05,3.2555137128195333
