feature_set,model,cv_mape,cv_std,n_feat
F1 분산,Linear,8.93,3.1,1
F1 분산,ElasticNet,8.99,3.24,1
F1 분산,Ridge,8.97,3.14,1
F1 분산,Lasso,8.99,3.21,1
F1 분산,RandomForest,15.34,8.94,1
F1 분산,XGBoost,16.42,7.7,1
F2 ΔQ 모양,Linear,9.35,3.48,3
F2 ΔQ 모양,ElasticNet,8.95,3.62,3
F2 ΔQ 모양,Ridge,8.6,3.22,3
F2 ΔQ 모양,Lasso,8.8,3.56,3
F2 ΔQ 모양,RandomForest,14.18,7.8,3
F2 ΔQ 모양,XGBoost,15.99,6.49,3
F3 ΔQ+용량,Linear,8.98,2.43,6
F3 ΔQ+용량,ElasticNet,8.72,2.92,6
F3 ΔQ+용량,Ridge,8.23,2.71,6
F3 ΔQ+용량,Lasso,8.7,3.09,6
F3 ΔQ+용량,RandomForest,15.05,8.29,6
F3 ΔQ+용량,XGBoost,17.15,7.27,6
F4 전체(비교),Linear,9.72,2.91,9
F4 전체(비교),ElasticNet,9.91,3.42,9
F4 전체(비교),Ridge,10.42,5.06,9
F4 전체(비교),Lasso,9.95,3.45,9
F4 전체(비교),RandomForest,13.51,6.92,9
F4 전체(비교),XGBoost,15.79,6.63,9
