cell,batch,policy,cycle_min,rest_min,n_rest,longest_rest_min
b1c0,b1,3.6C(80%)-3.6C,54.375,1.101,1,1.099
b1c1,b1,3.6C(80%)-3.6C,54.387,1.112,1,1.11
b1c2,b1,3.6C(80%)-3.6C,54.386,1.113,1,1.11
b1c3,b1,4C(80%)-4C,53.049,1.108,1,1.106
b1c4,b1,4C(80%)-4C,53.049,1.109,1,1.106
b1c5,b1,4.4C(80%)-4.4C,51.951,1.101,1,1.099
b1c6,b1,4.8C(80%)-4.8C,51.042,1.101,1,1.099
b1c7,b1,4.8C(80%)-4.8C,51.042,1.101,1,1.099
b1c8,b1,5.4C(40%)-3.6C,52.174,1.031,1,1.025
b1c9,b1,5.4C(40%)-3.6C,52.174,1.03,1,1.025
b1c10,b1,5.4C(50%)-3C,52.602,1.021,1,1.015
b1c11,b1,5.4C(50%)-3C,52.602,1.021,1,1.015
b1c12,b1,5.4C(50%)-3.6C,51.613,1.03,1,1.025
b1c13,b1,5.4C(50%)-3.6C,51.613,1.03,1,1.025
b1c14,b1,5.4C(60%)-3C,51.716,1.024,1,1.018
b1c15,b1,5.4C(60%)-3C,51.717,1.025,1,1.019
b1c16,b1,5.4C(60%)-3.6C,51.045,1.019,1,1.014
b1c17,b1,5.4C(60%)-3.6C,51.046,1.02,1,1.015
b1c18,b1,5.4C(70%)-3C,3755.954,3700.148,3,3694.117
b1c19,b1,5.4C(70%)-3C,50.836,1.032,1,1.026
b1c20,b1,5.4C(80%)-5.4C,49.936,1.017,1,1.014
b1c21,b1,5.4C(80%)-5.4C,49.931,1.101,1,1.099
b1c22,b1,6C(30%)-3.6C,52.384,1.024,1,1.019
b1c23,b1,6C(30%)-3.6C,52.384,1.024,1,1.019
b1c24,b1,6C(40%)-3C,53.058,1.031,1,1.025
b1c25,b1,6C(40%)-3C,53.058,1.032,1,1.026
b1c26,b1,6C(40%)-3.6C,51.715,1.019,1,1.014
b1c27,b1,6C(40%)-3.6C,51.713,1.02,1,1.014
b1c28,b1,6C(50%)-3C,52.046,1.02,1,1.014
b1c29,b1,6C(50%)-3C,52.046,1.02,1,1.014
b1c30,b1,6C(50%)-3.6C,51.046,1.02,1,1.014
b1c31,b1,6C(50%)-3.6C,51.046,1.02,1,1.014
b1c32,b1,6C(60%)-3C,51.045,1.021,1,1.014
b1c33,b1,6C(60%)-3C,51.046,1.02,1,1.015
b1c34,b1,7C(30%)-3.6C,51.955,1.024,1,1.019
b1c35,b1,7C(30%)-3.6C,51.956,1.024,1,1.019
b1c36,b1,7C(40%)-3C,52.473,1.02,1,1.014
b1c37,b1,7C(40%)-3C,52.473,1.02,1,1.014
b1c38,b1,7C(40%)-3.6C,51.141,1.019,1,1.014
b1c39,b1,7C(40%)-3.6C,51.141,1.02,1,1.014
b1c40,b1,8C(15%)-3.6C,53.004,1.019,1,1.014
b1c41,b1,8C(15%)-3.6C,53.003,1.019,1,1.014
b1c42,b1,8C(25%)-3.6C,52.087,1.02,1,1.015
b1c43,b1,8C(25%)-3.6C,52.086,1.02,1,1.014
b1c44,b1,8C(35%)-3.6C,51.17,1.019,1,1.014
b1c45,b1,8C(35%)-3.6C,51.079,1.02,1,1.014
b2c0,b2,5.2C(58%)-4C,69.896,9.853,2,4.936
b2c1,b2,5.6C(26%)-4.5C,66.009,9.853,2,4.936
b2c2,b2,5.2C(50%)-4.25C,71.851,9.855,2,4.939
b2c3,b2,4.65C(44%)-5C,71.117,9.854,2,4.937
b2c4,b2,4.65C(69%)-6C,69.868,9.853,2,4.936
b2c5,b2,3.6C(30%)-6C,69.124,9.854,2,4.937
b2c6,b2,3.6C(9%)-5C,70.865,9.853,2,4.937
b2c7,b2,4.8C(80%)-4.8C-newstructure,48.152,0.321,2,0.171
b2c8,b2,5.2C(58%)-4C-newstructure,49.484,0.32,2,0.17
b2c9,b2,5.6C(26%)-4.5C-newstructure,49.115,0.325,2,0.173
b2c10,b2,4.8C(80%)-4.8C,71.857,9.853,2,4.936
b2c11,b2,5.2C(50%)-4.25C,72.281,9.853,2,4.937
b2c12,b2,4.65C(44%)-5C,67.412,9.856,2,4.938
b2c13,b2,4.65C(69%)-6C,70.27,9.853,2,4.936
b2c14,b2,3.6C(30%)-6C,68.082,9.854,2,4.937
b2c15,b2,3.6C(9%)-5C,71.646,9.855,2,4.937
b2c16,b2,4.8C(80%)-4.8C,71.66,9.853,2,4.936
b2c17,b2,5.6C(26%)-4.5C,63.053,9.855,2,4.939
b2c18,b2,5.2C(50%)-4.25C,65.732,9.854,2,4.938
b2c19,b2,6C(60%)-3C,68.496,9.853,2,4.936
b2c20,b2,5.2C(58%)-4C,67.243,9.853,2,4.937
b2c21,b2,6C(60%)-3C,69.819,9.854,2,4.938
b2c22,b2,VarCharge-2C-100cycles,59.614,0.836,2,0.42
b2c23,b2,VarCharge-4C-100cycles,41.633,0.837,2,0.42
b2c24,b2,4.8C(80%)-4.8C,68.861,9.853,2,4.937
b2c25,b2,5.2C(58%)-4C,67.52,9.853,2,4.937
b2c26,b2,5.6C(26%)-4.5C,66.327,9.855,2,4.936
b2c27,b2,5.2C(50%)-4.25C,68.461,9.855,2,4.938
b2c28,b2,4.8C(80%)-4.8C,69.193,9.855,2,4.938
b2c29,b2,5.2C(58%)-4C,69.515,9.856,2,4.937
b2c30,b2,5.6C(26%)-4.5C,67.052,9.853,2,4.936
b2c31,b2,5.6C(26%)-4.5C,65.802,9.855,2,4.936
b2c32,b2,4.8C(80%)-4.8C-newstructure,48.144,0.321,2,0.171
b2c33,b2,5.2C(58%)-4C-newstructure,45.141,0.324,2,0.172
b2c34,b2,5.6C(26%)-4.5C-newstructure,44.4,0.321,2,0.171
b2c35,b2,VarCharge-6C-100cycles,35.849,0.836,2,0.419
b2c36,b2,VarCharge-8C-100cycles,34.233,0.836,2,0.42
b2c37,b2,3.6C(80%)-3.6C(SLOWCYCLE,71.204,9.853,2,4.936
b2c38,b2,4.8C(80%)-4.8C(SLOWCYCLE,68.6,9.847,2,4.93
b2c39,b2,3.6C(9%)-5C(SLOWCYCLE,66.665,9.853,2,4.936
b2c40,b2,5.2C(58%)-4C(SLOWCYCLE,68.871,9.856,2,4.936
b2c41,b2,5.6C(26%)-4.5C,66.878,9.855,2,4.938
b2c42,b2,5.2C(50%)-4.25C,71.111,9.853,2,4.936
b2c43,b2,4.8C(80%)-4.8C-newstructure,48.515,0.321,2,0.171
b2c44,b2,5.2C(58%)-4C-newstructure,48.449,0.322,2,0.172
b2c45,b2,5.6C(26%)-4.5C-newstructure,48.721,0.321,2,0.171
b2c46,b2,4.8C(80%)-4.8C,70.784,9.853,2,4.936
b3c0,b3,5C(67%)-4C-newstructure,46.459,0.311,3,0.175
b3c1,b3,5.3C(54%)-4C-newstructure,45.938,0.31,3,0.175
b3c2,b3,5.6C(19%)-4.6C-newstructure,45.349,0.312,3,0.175
b3c3,b3,5.6C(36%)-4.3C-newstructure,45.337,0.312,3,0.175
b3c4,b3,5.6C(19%)-4.6C-newstructure,47.39,0.311,3,0.175
b3c5,b3,5.6C(36%)-4.3C-newstructure,45.784,0.311,3,0.175
b3c6,b3,3.7C(31%)-5.9C-newstructure,45.763,0.313,3,0.175
b3c7,b3,4.8C(80%)-4.8C-newstructure,49.305,0.311,3,0.175
b3c8,b3,5C(67%)-4C-newstructure,47.892,0.314,3,0.175
b3c9,b3,5.3C(54%)-4C-newstructure,48.681,0.311,3,0.175
b3c10,b3,4.8C(80%)-4.8C-newstructure,48.057,0.311,3,0.175
b3c11,b3,5.6C(19%)-4.6C-newstructure,48.303,0.311,3,0.175
b3c12,b3,5.6C(36%)-4.3C-newstructure,48.374,0.312,3,0.175
b3c13,b3,5.6C(19%)-4.6C-newstructure,48.38,0.312,3,0.175
b3c14,b3,5.6C(36%)-4.3C-newstructure,48.703,0.311,3,0.175
b3c15,b3,5.9C(15%)-4.6C-newstructure,48.352,0.313,3,0.175
b3c16,b3,4.8C(80%)-4.8C-newstructure,45.876,0.311,3,0.175
b3c17,b3,5.3C(54%)-4C-newstructure,45.097,0.314,3,0.175
b3c18,b3,5.6C(19%)-4.6C-newstructure,46.083,0.313,3,0.175
b3c19,b3,5.6C(36%)-4.3C-newstructure,46.348,0.313,3,0.175
b3c20,b3,5C(67%)-4C-newstructure,47.742,0.311,3,0.175
b3c21,b3,3.7C(31%)-5.9C-newstructure,45.403,0.313,3,0.176
b3c22,b3,5.9C(60%)-3.1C-newstructure,44.913,0.315,3,0.175
b3c23,b3,4.8C(80%)-4.8C-newstructure,47.511,0.311,3,0.175
b3c24,b3,5C(67%)-4C-newstructure,45.787,0.311,3,0.175
b3c25,b3,5.3C(54%)-4C-newstructure,46.594,0.311,3,0.175
b3c26,b3,5.6C(19%)-4.6C-newstructure,47.608,0.313,3,0.175
b3c27,b3,5.6C(36%)-4.3C-newstructure,46.829,0.311,3,0.175
b3c28,b3,3.7C(31%)-5.9C-newstructure,46.671,0.314,3,0.176
b3c29,b3,5.9C(15%)-4.6C-newstructure,48.174,0.311,3,0.175
b3c30,b3,5.3C(54%)-4C-newstructure,47.687,0.314,3,0.175
b3c31,b3,5.9C(60%)-3.1C-newstructure,47.705,0.31,3,0.174
b3c32,b3,4.8C(80%)-4.8C-newstructure,46.598,0.312,3,0.175
b3c33,b3,5C(67%)-4C-newstructure,44.677,0.311,3,0.175
b3c34,b3,5.3C(54%)-4C-newstructure,45.061,0.314,3,0.175
b3c35,b3,5.6C(19%)-4.6C-newstructure,45.489,0.311,3,0.175
b3c36,b3,5.6C(36%)-4.3C-newstructure,44.846,0.311,3,0.175
b3c37,b3,4.8C(80%)-4.8C-newstructure,44.851,0.294,4,0.083
b3c38,b3,5C(67%)-4C-newstructure,45.782,0.311,3,0.175
b3c39,b3,5.3C(54%)-4C-newstructure,43.543,0.311,3,0.175
b3c40,b3,5.6C(19%)-4.6C-newstructure,48.288,0.311,3,0.175
b3c41,b3,5.6C(36%)-4.3C-newstructure,45.716,0.31,3,0.174
b3c42,b3,4.8C(80%)-4.8C-newstructure,49.163,0.311,3,0.175
b3c43,b3,5C(67%)-4C-newstructure,47.942,0.31,3,0.175
b3c44,b3,5.3C(54%)-4C-newstructure,47.744,0.311,3,0.175
b3c45,b3,4.8C(80%)-4.8C-newstructure,48.22,0.311,3,0.175
